1.2e-05	d2fug91/d.58.1.5	a.1.2	class
6.9e-05	d1jb0c_/d.58.1.2	a.1.2	class
0.00021	d3c8ya3/d.58.1.5	a.1.2	class
0.0004	d1kqfb1/d.58.1.5	a.1.2	class
0.006	d1hfel2/d.58.1.5	a.1.2	class
0.025	d1h98a_/d.58.1.2	a.1.2	class
0.033	d1gtea5/d.58.1.5	a.1.2	class
0.047	d2fdna_/d.58.1.1	a.1.2	class
0.2	d3mmcb1/d.58.1.5	a.1.2	class
0.59	d1xera_/d.58.1.3	a.1.2	class
2.8	d7fd1a_/d.58.1.2	a.1.2	class
3.6	d2c42a5/d.58.1.5	a.1.2	class
7.1	d2fgoa_/d.58.1.1	a.1.2	class
0.0015	d2sqca1/a.102.4.2	a.102.5	SF
0.039	d3bs5b_/a.60.1.0	a.102.6	fold
0.071	d1zava1/d.58.62.1	a.108.1	class
0.7	d1klpa_/a.28.1.1	a.108.1	fold
0.75	d2z61a_/c.67.1.0	a.108.1	class
0.018	d1hbka_/a.11.1.1	a.11.2	SF
0.028	d1gs9a_/a.24.1.1	a.118.17	fold
0.039	d2r7ga1/a.74.1.3	a.118.21	fold
0.00047	d1i42a_/d.15.1.2	a.118.4	class
8.7e-06	d1ouva_/a.118.18.1	a.118.8	SF
0.0092	d2cpta1/a.7.14.1	a.118.8	fold
0.049	d1klxa_/a.118.18.1	a.118.8	SF
0.1	d1orja_/a.24.19.1	a.118.8	fold
0.039	d1f0xa1/d.58.32.2	a.12.1	class
0.017	d1o26a_/d.207.1.1	a.121.1	class
0.043	d2fxua1/c.55.1.1	a.128.1	class
0.049	d3kwoa_/a.25.1.0	a.129.1	fold
0.13	d2d81a1/c.69.1.37	a.132.1	class
0.026	d1pv5a_/d.251.1.1	a.137.2	class
0.088	d1yvia1/a.24.10.2	a.137.3	fold
0.0038	d3c8ya1/c.96.1.1	a.137.4	class
0.097	d1ybea1/c.1.17.2	a.137.9	class
0.00015	d1xk4a1/a.39.1.2	a.139.1	fold
0.00023	d1xo5a_/a.39.1.5	a.139.1	fold
0.00044	d1exra_/a.39.1.5	a.139.1	fold
0.0017	d1c7wa_/a.39.1.5	a.139.1	fold
0.008	d1tiza_/a.39.1.5	a.139.1	fold
0.025	d1k9ua_/a.39.1.10	a.139.1	fold
0.041	d3fwba_/a.39.1.5	a.139.1	fold
0.047	d1s6ca_/a.39.1.5	a.139.1	fold
0.085	d1nyaa_/a.39.1.5	a.139.1	fold
0.039	d3llba_/d.145.1.0	a.14.1	class
0.02	d3kpba_/d.37.1.0	a.140.1	class
0.022	d1thfd_/c.1.2.1	a.140.2	class
0.0048	d3qraa_/f.4.1.0	a.140.4	class
0.0073	d2outa1/a.140.3.2	a.140.4	SF
0.015	d2enda_/a.18.1.1	a.140.4	fold
0.11	d1o75a1/b.1.20.1	a.142.1	class
0.046	d1jyoa_/d.198.1.1	a.144.1	class
0.021	d1biaa3/d.104.1.2	a.144.2	class
0.0017	d1xzpa1/a.24.25.1	a.151.1	fold
0.082	d1rqga1/a.27.1.1	a.152.1	fold
0.039	d1t1va_/c.47.1.14	a.153.1	class
0.023	d2hyec3/e.40.1.1	a.155.1	class
0.013	d2cqla1/d.141.1.1	a.157.1	class
0.058	d2cjja1/a.4.1.3	a.157.1	fold
0.0034	d1aoya_/a.4.5.3	a.159.2	fold
0.019	d1brza_/g.3.7.5	a.159.4	class
0.034	d1nlta1/b.4.1.1	a.165.1	class
0.011	d1n0za_/g.41.11.1	a.170.1	class
0.064	d2zfda1/a.39.1.5	a.170.1	fold
0.0092	d3akya1/c.37.1.1	a.172.1	class
0.0097	d1e7la1/a.140.4.1	a.18.1	fold
0.09	d3riya_/c.31.1.5	a.180.1	class
0.009	d1hh8a_/a.118.8.1	a.181.1	fold
0.011	d1v4pa_/d.67.1.2	a.182.1	class
0.04	d1pu1a_/d.266.1.1	a.186.1	class
0.036	d1i5za2/b.82.3.2	a.189.1	class
0.035	d2bcqa1/a.60.6.1	a.190.1	fold
0.047	d1jfua_/c.47.1.10	a.192.1	class
0.039	d2bzba1/a.30.7.1	a.2.17	fold
0.069	d1i27a_/a.4.5.30	a.20.1	fold
0.053	d2vfxa_/d.135.1.1	a.204.1	class
0.056	d2qypb_/a.64.1.1	a.204.1	fold
0.082	d1j26a_/d.50.4.1	a.209.1	class
0.031	d1gvnb_/c.37.1.21	a.214.1	class
0.00029	d1qkra_/a.24.9.1	a.215.1	fold
0.0093	d1u89a1/a.216.1.1	a.215.1	fold
0.048	d1knxa1/c.98.2.1	a.218.1	class
0.1	d2wzba_/c.86.1.1	a.218.1	class
0.045	d1k6ka_/a.174.1.1	a.22.1	fold
0.077	d3usya_/a.118.14.0	a.22.1	fold
0.043	d1jqna_/c.1.12.3	a.220.1	class
0.042	d1kp8a3/d.56.1.1	a.23.3	class
0.039	d2r5fa1/c.124.1.8	a.235.1	class
0.045	d2fcwa1/a.13.1.1	a.24.1	fold
0.021	d1q1va_/a.159.4.1	a.24.13	fold
0.019	d2cbia1/a.246.1.1	a.24.2	fold
0.065	d1u5pa2/a.7.1.1	a.24.21	fold
0.0032	d1gpja1/a.151.1.1	a.24.25	fold
0.036	d2hc5a1/d.352.1.1	a.24.29	class
0.048	d1efub4/d.43.1.1	a.24.3	class
0.21	d1aepa_/a.63.1.1	a.24.3	fold
1.3e-06	d1sj8a2/a.216.1.1	a.24.9	fold
0.00018	d1u89a1/a.216.1.1	a.24.9	fold
0.031	d1nd9a_/a.6.1.6	a.242.1	fold
0.052	d1ny8a_/d.52.6.1	a.244.1	class
0.047	d1htwa_/c.37.1.18	a.245.1	class
0.016	d2il5a1/d.129.3.5	a.249.1	class
6.5	d1aepa_/a.63.1.1	a.25.3	fold
0.032	d3beca1/b.105.1.1	a.262.1	class
0.0057	d3oq3a_/a.26.1.3	a.264.1	fold
0.009	d2hyja2/a.121.1.1	a.266.1	fold
0.055	d1orja_/a.24.19.1	a.27.1	fold
0.067	d2bpta_/a.118.1.0	a.277.1	fold
0.05	d2ywxa_/c.23.8.0	a.28.1	class
0.052	d3ldqb_/a.7.7.1	a.281.1	fold
0.003	d2fmpa2/a.60.12.1	a.289.1	fold
0.017	d1s29a_/a.4.5.46	a.289.1	fold
0.031	d2cx4a_/c.47.1.10	a.29.13	class
0.02	d1w9ya1/b.82.2.1	a.29.6	class
9.8e-06	d1ft5a_/a.138.1.3	a.3.1	fold
0.34	d1fgja_/a.138.1.3	a.3.1	fold
0.74	d3bnja_/a.138.1.3	a.3.1	fold
0.97	d3caoa_/a.138.1.1	a.3.1	fold
2	d1y0pa1/a.138.1.3	a.3.1	fold
0.0056	d1it2a_/a.1.1.2	a.30.1	fold
0.032	d1t01a2/a.24.9.1	a.30.5	fold
0.0026	d3bu3a_/d.144.1.7	a.30.8	class
0.12	d1rypi_/d.153.1.4	a.31.1	class
0.00029	d1vz0a1/a.4.14.1	a.35.1	fold
0.0038	d2vkva1/a.4.1.9	a.35.1	fold
0.011	d1ku3a_/a.4.13.2	a.35.1	fold
0.012	d3ecoa_/a.4.5.0	a.35.1	fold
0.015	d1hlva1/a.4.1.7	a.35.1	fold
0.027	d1nr3a_/d.236.1.1	a.35.1	class
0.052	d3ctaa1/a.4.5.28	a.35.1	fold
0.067	d1r1ta_/a.4.5.5	a.35.1	fold
0.073	d1pufb_/a.4.1.1	a.35.1	fold
0.02	d1i27a_/a.4.5.30	a.38.2	fold
0.008	d2y3nb_/a.139.1.0	a.39.1	fold
0.022	d2cclb1/a.139.1.1	a.39.1	fold
0.029	d1c4ka1/c.23.1.4	a.39.1	class
0.0022	d1aisb2/a.74.1.2	a.4.1	fold
0.0038	d2b0la1/a.4.5.66	a.4.1	SF
0.0043	d2csba5/a.267.1.1	a.4.1	fold
0.0055	d1on2a1/a.4.5.24	a.4.1	SF
0.0068	d1qpza1/a.35.1.5	a.4.1	fold
0.0069	d1ku9a_/a.4.5.36	a.4.1	SF
0.044	d3ecoa_/a.4.5.0	a.4.1	SF
0.045	d1rp3a1/a.4.13.1	a.4.1	SF
0.048	d1ulya_/a.4.5.58	a.4.1	SF
0.069	d1mkma1/a.4.5.33	a.4.1	SF
0.07	d2cg4a1/a.4.5.32	a.4.1	SF
0.083	d1uxca_/a.35.1.5	a.4.1	fold
0.044	d2f23a1/a.2.1.1	a.4.13	fold
0.032	d3ecoa_/a.4.5.0	a.4.14	SF
0.033	d2q0zx1/a.289.1.1	a.4.14	fold
0.037	d1a04a1/a.4.6.2	a.4.14	SF
0.0013	d1hlva1/a.4.1.7	a.4.5	SF
0.013	d1xsva_/a.4.13.3	a.4.5	SF
0.041	d1fsea_/a.4.6.2	a.4.5	SF
0.046	d1kgsa1/a.4.6.1	a.4.5	SF
0.022	d1p4xa1/a.4.5.28	a.4.6	SF
0.0073	d1q3qa3/d.56.1.2	a.4.7	class
0.093	d2if6a1/d.3.1.21	a.4.8	class
0.065	d1lmia_/b.1.19.1	a.40.1	class
0.013	d1wina_/d.43.2.1	a.42.1	class
0.064	d1ug8a_/d.68.7.1	a.42.1	class
0.086	d1o0sa2/c.58.1.3	a.42.1	class
1.9	d1weva_/g.50.1.2	a.42.1	class
2.1	d1wh7a_/a.4.1.1	a.42.1	fold
0.013	d3sj5a_/d.278.1.1	a.43.1	class
0.097	d1t98a1/a.4.5.65	a.43.1	fold
0.083	d3akea_/c.37.1.0	a.45.1	class
0.0026	d1eq1a_/a.63.1.1	a.47.2	fold
0.008	d3ldqb_/a.7.7.1	a.47.2	fold
0.011	d1pd3a_/a.30.3.1	a.47.2	fold
0.064	d1ybza1/a.130.1.1	a.47.2	fold
3	d1f1ma_/a.24.12.1	a.47.2	fold
0.056	d1jb7b_/b.40.4.3	a.48.3	class
0.034	d1914a1/d.49.1.1	a.48.4	class
0.0023	d1whna_/d.50.1.1	a.48.5	class
0.037	d2g3qa1/a.5.2.1	a.5.1	SF
0.072	d1jjcb1/a.6.1.1	a.5.1	fold
0.006	d1smyf3/a.177.1.1	a.5.10	fold
0.0063	d1vk3a1/d.79.4.1	a.5.10	class
0.013	d1rxwa1/a.60.7.1	a.5.2	fold
0.088	d2csba4/a.60.2.4	a.5.2	fold
0.0024	d2jg6a_/a.96.1.0	a.5.4	fold
0.085	d2hqya1/d.108.1.4	a.5.4	class
0.0053	d1wiva_/a.5.2.1	a.5.9	SF
0.049	d1phka_/d.144.1.7	a.55.1	class
0.011	d1doqa_/a.60.3.1	a.60.1	SF
0.05	d1z3eb1/a.60.3.1	a.60.1	SF
0.00043	d2i1qa1/a.60.4.1	a.60.12	SF
0.00047	d2duya1/a.60.2.7	a.60.12	SF
0.00063	d1ixra1/a.60.2.1	a.60.12	SF
0.013	d1cuka2/a.60.2.1	a.60.12	SF
0.07	d1u9la_/a.60.4.2	a.60.12	SF
0.095	d3bzka1/a.60.2.6	a.60.12	SF
0.11	d2dpia2/e.8.1.7	a.60.12	class
0.00091	d2cxxa1/c.37.1.8	a.60.14	class
0.024	d8abpa_/c.93.1.1	a.60.14	class
0.073	d1heka_/a.61.1.5	a.60.14	fold
0.05	d2uyoa_/c.66.1.57	a.60.16	class
2.5e-07	d2i1qa1/a.60.4.1	a.60.2	SF
0.00011	d1doqa_/a.60.3.1	a.60.2	SF
0.00059	d1bgxt1/a.60.7.1	a.60.2	SF
0.0027	d1vdda_/e.49.1.1	a.60.2	class
0.0031	d1szpa1/a.60.4.1	a.60.2	SF
0.0075	d1z3eb1/a.60.3.1	a.60.2	SF
0.02	d1orna_/a.96.1.1	a.60.2	fold
0.021	d2fmpa1/a.60.6.1	a.60.2	SF
0.04	d1vd6a_/c.1.18.3	a.60.2	class
0.048	d2bcqa1/a.60.6.1	a.60.2	SF
0.11	d1q44a_/c.37.1.5	a.60.2	class
0.052	d2dpia2/e.8.1.7	a.60.3	class
0.00091	d2csba4/a.60.2.4	a.60.4	SF
0.0033	d1dgsa1/a.60.2.2	a.60.4	SF
0.0043	d1doqa_/a.60.3.1	a.60.4	SF
0.0092	d1x2ia1/a.60.2.5	a.60.4	SF
0.017	d1keaa_/a.96.1.2	a.60.4	fold
0.029	d2fmpa2/a.60.12.1	a.60.4	SF
0.055	d2uubd1/d.66.1.2	a.60.4	class
0.023	d1doqa_/a.60.3.1	a.60.6	SF
0.025	d3eeqa1/c.151.1.1	a.60.7	class
0.018	d2nxpa1/d.379.1.1	a.61.1	class
0.02	d2fcwa1/a.13.1.1	a.7.1	fold
0.045	d3ldqb_/a.7.7.1	a.7.1	SF
0.3	d1eq1a_/a.63.1.1	a.7.1	fold
0.00038	d2crba1/a.7.16.1	a.7.14	SF
0.013	d2fbna1/a.118.8.1	a.7.14	fold
0.041	d1elwa_/a.118.8.1	a.7.14	fold
0.047	d2uubt1/a.7.6.1	a.7.14	SF
1.4	d1a17a_/a.118.8.1	a.7.14	fold
0.049	d2cpta1/a.7.14.1	a.7.16	SF
0.071	d2ouxa2/d.37.1.1	a.7.2	class
0.0033	d1czan1/c.55.1.3	a.71.2	class
0.073	d2nzca1/d.58.18.14	a.76.1	class
0.055	d1jt6a2/a.121.1.1	a.8.3	fold
0.22	d1eq1a_/a.63.1.1	a.8.4	fold
0.69	d1f1ma_/a.24.12.1	a.8.5	fold
0.071	d1d2za_/a.77.1.2	a.8.8	fold
0.11	d1k2x.1/d.153.1.5	a.80.1	class
0.027	d1cuka2/a.60.2.1	a.96.1	fold
0.067	d2g2na_/b.3.4.0	b.1.14	fold
0.022	d1tg7a2/b.18.1.27	b.1.2	fold
0.025	d1c0pa2/d.16.1.3	b.1.24	class
0.0038	d1w8oa1/b.1.18.2	b.1.3	SF
0.021	d3dnja_/d.45.1.2	b.1.5	class
0.061	d1bev1_/b.121.4.1	b.103.1	fold
0.039	d3p6da_/b.60.1.2	b.112.1	fold
0.12	d2c78a1/b.43.3.1	b.114.1	fold
0.11	d1k28a2/b.108.1.2	b.119.1	fold
0.031	d1s5ua_/d.38.1.1	b.121.7	class
0.0069	d2jhfa1/b.35.1.2	b.123.1	fold
0.039	d1iv8a1/b.71.1.1	b.128.1	fold
0.074	d1y2ka_/a.211.1.2	b.14.1	class
1.3e-06	d1xpna_/b.3.7.1	b.148.1	fold
1.1e-05	d1jdqa_/d.68.3.3	b.148.1	class
0.0004	d1v9ja_/d.52.6.1	b.148.1	class
0.061	d1jqlb_/c.37.1.20	b.148.1	class
0.089	d1vp4a_/c.67.1.1	b.148.1	class
0.095	d2f62a_/c.23.14.1	b.148.1	class
0.038	d1eera_/a.26.1.2	b.15.1	class
0.022	d1kqra_/b.29.1.14	b.160.1	fold
0.0092	d1t2wa_/b.100.1.1	b.163.1	fold
0.00081	d2qqra1/b.34.9.1	b.172.1	fold
0.023	d2fr1a2/c.2.1.2	b.173.1	class
0.067	d1vyfa_/b.60.1.2	b.2.2	fold
0.087	d1xe7a_/b.82.1.16	b.2.6	fold
0.015	d1nnxa_/b.40.10.1	b.23.2	fold
0.068	d2f9ha1/b.161.1.1	b.26.1	fold
0.075	d2dira1/d.308.1.3	b.26.1	class
0.00096	d1dmha_/b.3.6.1	b.3.2	SF
0.0036	d1vjna_/d.157.1.4	b.3.2	class
0.014	d3epwa_/c.70.1.1	b.3.2	class
0.05	d1b35a_/b.121.4.1	b.3.2	fold
0.06	d1k5nb_/b.1.1.2	b.3.5	fold
0.0049	d1uwya1/b.3.2.1	b.3.6	SF
0.0087	d1t9ba1/c.31.1.3	b.3.6	class
9.5e-09	d1jdqa_/d.68.3.3	b.3.7	class
1.1e-06	d1sska_/b.148.1.1	b.3.7	fold
1.2e-05	d1v9ja_/d.52.6.1	b.3.7	class
0.002	d1nn4a_/c.121.1.1	b.3.7	class
0.028	d2waga_/c.1.8.0	b.3.7	class
0.06	d1ig3a2/c.100.1.1	b.3.7	class
0.076	d1ugoa_/a.7.7.1	b.34.10	class
0.087	d1wexa_/d.58.7.1	b.34.10	class
0.019	d2olua1/d.2.1.10	b.34.11	class
0.075	d2gysa2/b.1.2.1	b.34.13	fold
0.0017	d1u9da_/d.80.1.5	b.34.15	class
0.0027	d2choa3/d.92.2.3	b.34.16	class
0.04	d1gqia1/c.1.8.10	b.34.18	class
0.0044	d1p4da_/d.89.1.5	b.34.2	class
0.073	d2pifa1/d.382.1.1	b.34.20	class
0.043	d2qpza_/b.33.1.0	b.34.6	fold
0.0037	d1kjwa1/b.34.2.1	b.34.9	SF
0.0084	d2f5ka1/b.34.13.3	b.34.9	SF
0.056	d2y88a_/c.1.2.1	b.34.9	class
0.11	d2j3wb1/d.278.1.2	b.34.9	class
0.019	d1p99a_/c.94.1.1	b.36.1	class
0.0018	d2dira1/d.308.1.3	b.37.1	class
0.034	d1ua4a_/c.72.1.3	b.40.1	class
0.035	d3cx3a_/c.92.2.0	b.40.1	class
0.017	d1nqja_/b.23.2.1	b.40.10	fold
0.014	d1e8ca1/c.98.1.1	b.40.11	class
0.056	d1qhoa1/b.1.18.2	b.40.14	fold
0.069	d1dgsa2/b.40.4.6	b.40.14	SF
0.01	d2dtxa_/c.2.1.0	b.40.5	class
0.00067	d1lfoa_/b.60.1.2	b.40.6	fold
0.069	d1ek6a_/c.2.1.2	b.40.8	class
4.4e-05	d1dfca1/b.42.5.1	b.42.1	SF
0.041	d2vsmb_/b.6.1.5	b.42.4	fold
8.7e-05	d1rg8a_/b.42.1.1	b.42.5	SF
0.00061	d2fdbm1/b.42.1.1	b.42.5	SF
0.094	d1pwaa_/b.42.1.1	b.42.5	SF
0.094	d1jlya2/b.42.3.1	b.42.5	SF
0.0021	d2piha1/a.281.1.1	b.42.6	class
0.075	d1uzka1/g.3.11.1	b.42.8	class
0.034	d1wg5a_/d.58.7.1	b.49.1	class
0.17	d3lhea_/d.190.1.0	b.49.3	class
0.099	d2pwaa_/c.41.1.1	b.51.1	class
0.032	d1r3ea1/b.122.1.1	b.52.2	fold
0.0052	d1vpqa_/c.1.32.1	b.55.1	class
0.034	d2oqea3/d.17.2.1	b.55.1	class
0.063	d2aj6a1/d.108.1.1	b.58.1	class
0.0026	d3jqwa_/b.23.2.0	b.6.1	fold
0.0053	d2nqda_/b.1.26.1	b.6.1	fold
0.048	d1nqja_/b.23.2.1	b.6.1	fold
0.056	d2dmba1/b.1.18.10	b.6.1	fold
0.0056	d2gmfa_/a.26.1.2	b.6.2	class
0.065	d2io8a3/d.142.1.8	b.63.1	class
0.095	d3ck2a1/d.159.1.7	b.66.1	class
0.017	d1k28d1/b.106.1.1	b.68.1	fold
0.00045	d1k3ia3/b.69.1.1	b.68.11	fold
0.0053	d1xfda1/b.70.3.1	b.68.4	fold
0.023	d1k32a2/b.68.7.1	b.68.4	SF
1.1e-15	d1rwia_/b.68.9.1	b.68.5	SF
5.6e-12	d1l0qa2/b.69.2.3	b.68.6	fold
9e-10	d1rwia_/b.68.9.1	b.68.6	SF
0.00058	d1ri6a_/b.69.11.1	b.68.6	fold
0.0051	d1npea_/b.68.5.1	b.68.6	SF
0.057	d1ijqa1/b.68.5.1	b.68.6	SF
3.2e-06	d1ijqa1/b.68.5.1	b.68.9	SF
0.00012	d2dg1a_/b.68.6.1	b.68.9	SF
0.0044	d1nr0a2/b.69.4.1	b.68.9	fold
0.0019	d1ri6a_/b.69.11.1	b.69.10	SF
0.019	d1v04a_/b.68.6.2	b.69.11	fold
0.076	d2huja1/a.24.26.1	b.69.14	class
0.00022	d2hqsa1/b.68.4.1	b.69.2	fold
0.013	d1erja_/b.69.4.1	b.69.2	SF
3.5e-07	d1l0qa2/b.69.2.3	b.69.3	SF
0.02	d1pjxa_/b.68.6.1	b.69.4	fold
0.04	d2p4oa1/b.68.6.3	b.69.4	fold
0.12	d1k32a3/b.69.9.1	b.69.4	SF
0.049	d1nofa1/b.71.1.2	b.7.3	fold
0.075	d1an8a1/b.40.2.2	b.70.1	fold
0.06	d2cfua1/d.106.1.3	b.70.2	class
0.061	d1kw3b2/d.32.1.3	b.70.2	class
0.0051	d1pp7u_/a.4.5.44	b.70.3	class
0.041	d2hqsa1/b.68.4.1	b.70.3	fold
0.012	d3d37a2/b.106.1.1	b.76.1	fold
0.00034	d1ofda1/b.80.4.1	b.80.3	SF
0.003	d1hf2a1/b.80.3.1	b.80.4	SF
0.006	d2z1ea2/d.139.1.1	b.81.4	class
0.006	d1vrba1/b.82.2.11	b.82.1	SF
0.021	d2arca_/b.82.4.1	b.82.1	SF
0.072	d1i5za2/b.82.3.2	b.82.1	SF
0.037	d2bnma2/b.82.1.10	b.82.3	SF
0.07	d1o5ua_/b.82.1.8	b.82.3	SF
0.056	d2f4pa1/b.82.1.9	b.82.4	SF
0.065	d1oe8a1/a.45.1.1	b.82.7	class
0.0093	d1brwa3/d.41.3.1	b.84.1	class
0.063	d1oa8a_/b.145.1.1	b.86.1	fold
0.055	d1e2wa2/b.84.2.2	b.92.1	fold
0.0094	d1p1ja1/c.2.1.3	b.94.1	class
0.012	d1qhqa_/b.6.1.1	b.94.1	fold
0.00053	d1rd5a_/c.1.2.4	c.1.10	SF
0.0027	d1qopa_/c.1.2.4	c.1.10	SF
0.0044	d3ctla_/c.1.2.0	c.1.10	SF
0.0051	d1ujpa_/c.1.2.4	c.1.10	SF
0.0062	d1tx2a_/c.1.21.1	c.1.10	SF
0.0095	d1xm3a_/c.1.31.1	c.1.10	SF
0.015	d1ra0a2/c.1.9.5	c.1.10	SF
0.024	d3do6a_/c.37.1.0	c.1.10	fold
0.052	d1gtea2/c.1.4.1	c.1.10	SF
0.06	d1j0aa_/c.79.1.1	c.1.10	fold
0.087	d1xdpa3/d.136.1.4	c.1.11	class
0.0048	d2dx6a_/c.50.1.0	c.1.15	fold
3.2e-09	d1xi3a_/c.1.3.1	c.1.2	SF
3e-08	d2f6ua1/c.1.4.1	c.1.2	SF
8.7e-08	d1nvma2/c.1.10.5	c.1.2	SF
6.7e-07	d1ytda1/c.1.17.1	c.1.2	SF
1.5e-06	d1xm3a_/c.1.31.1	c.1.2	SF
3.8e-06	d2tpsa_/c.1.3.1	c.1.2	SF
3.1e-05	d1wa3a_/c.1.10.1	c.1.2	SF
5.1e-05	d2nlia_/c.1.4.0	c.1.2	SF
5.5e-05	d2qjga_/c.1.10.0	c.1.2	SF
6.1e-05	d1w0ma_/c.1.1.1	c.1.2	SF
0.00021	d1p4ca_/c.1.4.1	c.1.2	SF
0.00035	d1jr1a1/c.1.5.1	c.1.2	SF
0.00049	d1zfja1/c.1.5.1	c.1.2	SF
0.00059	d1o4ua1/c.1.17.1	c.1.2	SF
0.00061	d1vyra_/c.1.4.1	c.1.2	SF
0.00085	d1gtea2/c.1.4.1	c.1.2	SF
0.0015	d1kbia1/c.1.4.1	c.1.2	SF
0.0022	d1ub3a_/c.1.10.1	c.1.2	SF
0.0037	d1p0ka_/c.1.4.1	c.1.2	SF
0.0057	d1jbea_/c.23.1.1	c.1.2	fold
0.0068	d1viza_/c.1.4.1	c.1.2	SF
0.0092	d1n7ka_/c.1.10.1	c.1.2	SF
0.014	d1tb3a1/c.1.4.1	c.1.2	SF
0.016	d2fy8a1/c.2.1.9	c.1.2	fold
0.019	d1ep3a_/c.1.4.1	c.1.2	SF
0.021	d2pgfa_/c.1.9.1	c.1.2	SF
0.021	d1zzma1/c.1.9.12	c.1.2	SF
0.024	d1to3a_/c.1.10.1	c.1.2	SF
0.036	d1vhca_/c.1.10.1	c.1.2	SF
0.043	d1tf5a4/c.37.1.19	c.1.2	fold
0.066	d3olla_/a.123.1.1	c.1.2	class
0.08	d3pl1a_/c.33.1.0	c.1.2	fold
0.074	d1wa3a_/c.1.10.1	c.1.21	SF
0.043	d1yxma1/c.2.1.2	c.1.22	fold
0.012	d3dsda_/d.159.1.4	c.1.26	class
4.9e-05	d1xm3a_/c.1.31.1	c.1.3	SF
7.3e-05	d1znna1/c.1.2.6	c.1.3	SF
0.0001	d1yxya1/c.1.2.5	c.1.3	SF
0.00039	d1ep3a_/c.1.4.1	c.1.3	SF
0.00046	d1wa3a_/c.1.10.1	c.1.3	SF
0.0005	d2qjga_/c.1.10.0	c.1.3	SF
0.00077	d3nz1a_/c.1.2.4	c.1.3	SF
0.00095	d1thfd_/c.1.2.1	c.1.3	SF
0.0058	d1o4ua1/c.1.17.1	c.1.3	SF
0.0073	d2czda_/c.1.2.3	c.1.3	SF
0.009	d3ovpa_/c.1.2.0	c.1.3	SF
0.07	d1tqja_/c.1.2.2	c.1.3	SF
1.4e-05	d1znna1/c.1.2.6	c.1.31	SF
0.00016	d1w0ma_/c.1.1.1	c.1.31	SF
0.0024	d1xi3a_/c.1.3.1	c.1.31	SF
0.008	d2tpsa_/c.1.3.1	c.1.31	SF
0.026	d3f4wa_/c.1.2.0	c.1.31	SF
1.9e-10	d1thfd_/c.1.2.1	c.1.4	SF
3.8e-10	d1ub3a_/c.1.10.1	c.1.4	SF
1.8e-09	d1znna1/c.1.2.6	c.1.4	SF
6.7e-09	d1jr1a1/c.1.5.1	c.1.4	SF
2.4e-08	d2y88a_/c.1.2.1	c.1.4	SF
4.3e-07	d2czda_/c.1.2.3	c.1.4	SF
1.4e-05	d1xi3a_/c.1.3.1	c.1.4	SF
7.7e-05	d1rd5a_/c.1.2.4	c.1.4	SF
0.00014	d2qjga_/c.1.10.0	c.1.4	SF
0.00016	d1w0ma_/c.1.1.1	c.1.4	SF
0.00016	d1zfja1/c.1.5.1	c.1.4	SF
0.00017	d1yxya1/c.1.2.5	c.1.4	SF
0.00019	d1xm3a_/c.1.31.1	c.1.4	SF
0.00023	d3f4wa_/c.1.2.0	c.1.4	SF
0.0024	d3igsa_/c.1.2.0	c.1.4	SF
0.0039	d1wa3a_/c.1.10.1	c.1.4	SF
0.012	d1nvma2/c.1.10.5	c.1.4	SF
0.012	d1geqa_/c.1.2.4	c.1.4	SF
0.013	d2pz0a_/c.1.18.0	c.1.4	SF
0.062	d1p1xa_/c.1.10.1	c.1.4	SF
0.086	d1pvna1/c.1.5.1	c.1.4	SF
0.097	d1n7ka_/c.1.10.1	c.1.4	SF
8.3e-07	d3f4wa_/c.1.2.0	c.1.5	SF
1.9e-05	d1p4ca_/c.1.4.1	c.1.5	SF
0.0001	d2nlia_/c.1.4.0	c.1.5	SF
0.00014	d1vcfa1/c.1.4.1	c.1.5	SF
0.00093	d1tb3a1/c.1.4.1	c.1.5	SF
0.0013	d1p0ka_/c.1.4.1	c.1.5	SF
0.0059	d1kbia1/c.1.4.1	c.1.5	SF
0.045	d1o4ua1/c.1.17.1	c.1.5	SF
0.073	d1wa3a_/c.1.10.1	c.1.5	SF
0.11	d1thfd_/c.1.2.1	c.1.5	SF
0.043	d2hyja1/a.4.1.9	c.1.6	class
0.012	d2d4ca1/a.238.1.1	c.1.7	class
0.023	d1xi9a_/c.67.1.1	c.1.9	fold
9.7e-05	d1xkua_/c.10.2.7	c.10.1	SF
0.032	d1koha1/c.10.2.3	c.10.1	SF
1.9e-14	d1ds9a_/c.10.3.1	c.10.2	SF
0.00013	d2q4gw_/c.10.1.1	c.10.2	SF
1e-22	d2omza2/c.10.2.1	c.10.3	SF
4.5e-13	d1h6ta2/c.10.2.1	c.10.3	SF
8.1e-11	d1a9na_/c.10.2.4	c.10.3	SF
4.7e-10	d1h6ua2/c.10.2.1	c.10.3	SF
3.7e-07	d1xkua_/c.10.2.7	c.10.3	SF
4.5e-06	d1koha1/c.10.2.3	c.10.3	SF
0.0039	d1p9ag_/c.10.2.7	c.10.3	SF
0.0045	d1jl5a_/c.10.2.6	c.10.3	SF
0.0046	d1dcea3/c.10.2.2	c.10.3	SF
0.1	d1qzza1/a.4.5.29	c.102.1	class
0.094	d1m2da_/c.47.1.11	c.103.1	fold
0.003	d2j4ka_/c.73.1.0	c.108.1	fold
0.0085	d1v2xa_/c.116.1.1	c.108.1	fold
0.027	d1i58a_/d.122.1.3	c.108.1	class
0.046	d1zh8a1/c.2.1.3	c.108.1	fold
0.072	d2q88a_/c.94.1.0	c.108.1	fold
0.082	d1n7ka_/c.1.10.1	c.108.1	fold
0.099	d1o89a2/c.2.1.1	c.108.1	fold
0.1	d2cvza2/c.2.1.6	c.108.1	fold
0.015	d1pj5a2/c.3.1.2	c.111.1	fold
0.083	d1b5qa1/c.3.1.2	c.111.1	fold
0.085	d1gpja2/c.2.1.7	c.111.1	fold
0.051	d3e05a_/c.66.1.0	c.116.1	fold
0.06	d2c95a_/c.37.1.1	c.116.1	fold
0.059	d1cqxa3/c.25.1.5	c.119.1	fold
0.014	d1xoub_/a.231.1.2	c.127.1	class
0.014	d1gega_/c.2.1.2	c.129.1	fold
0.056	d1d2za_/a.77.1.2	c.13.1	class
0.039	d1vgja_/d.61.1.0	c.13.2	class
0.082	d1xu9a_/c.2.1.2	c.131.1	fold
0.077	d1mkma1/a.4.5.33	c.17.1	class
1.1e-09	d1c0pa1/c.4.1.2	c.2.1	fold
3.5e-07	d1ps9a3/c.4.1.1	c.2.1	fold
2.6e-06	d1jw9b_/c.111.1.1	c.2.1	fold
7.7e-06	d2v0na2/c.23.1.1	c.2.1	fold
1.4e-05	d2bi7a1/c.4.1.3	c.2.1	fold
1.9e-05	d2iida1/c.3.1.2	c.2.1	fold
2.1e-05	d1nhpa2/c.3.1.5	c.2.1	fold
5.8e-05	d1djqa3/c.4.1.1	c.2.1	fold
6.6e-05	d1lqta1/c.3.1.1	c.2.1	fold
7.1e-05	d1xhca2/c.3.1.5	c.2.1	fold
7.6e-05	d1ve9a1/c.4.1.2	c.2.1	fold
0.00011	d2vapa1/c.32.1.1	c.2.1	fold
0.00015	d1yovb_/c.111.1.2	c.2.1	fold
0.00023	d2zpua_/c.79.1.1	c.2.1	fold
0.00038	d2f5va1/c.3.1.2	c.2.1	fold
0.0013	d3d2la_/c.66.1.0	c.2.1	fold
0.0014	d1kjqa2/c.30.1.1	c.2.1	fold
0.0015	d1m6ya2/c.66.1.23	c.2.1	fold
0.002	d1seza1/c.3.1.2	c.2.1	fold
0.0021	d1pj5a2/c.3.1.2	c.2.1	fold
0.0023	d2gf3a1/c.3.1.2	c.2.1	fold
0.0028	d2dw4a2/c.3.1.2	c.2.1	fold
0.0029	d1u7za_/c.72.3.1	c.2.1	fold
0.0031	d1uwka_/e.51.1.1	c.2.1	class
0.0055	d2jfga1/c.5.1.1	c.2.1	fold
0.0092	d1vima_/c.80.1.3	c.2.1	fold
0.0095	d2cula1/c.3.1.7	c.2.1	fold
0.012	d1q1ra2/c.3.1.5	c.2.1	fold
0.012	d3c96a1/c.3.1.2	c.2.1	fold
0.014	d1lvla2/c.3.1.5	c.2.1	fold
0.015	d1chua2/c.3.1.4	c.2.1	fold
0.017	d2i0za1/c.3.1.8	c.2.1	fold
0.018	d1s3ea1/c.3.1.2	c.2.1	fold
0.022	d1ve3a1/c.66.1.43	c.2.1	fold
0.03	d2bw0a2/c.65.1.1	c.2.1	fold
0.031	d1wzna1/c.66.1.43	c.2.1	fold
0.032	d1y5ea1/c.57.1.1	c.2.1	fold
0.034	d1p3da1/c.5.1.1	c.2.1	fold
0.036	d2gqfa1/c.3.1.8	c.2.1	fold
0.036	d1jbqa_/c.79.1.1	c.2.1	fold
0.041	d1a9xa3/c.30.1.1	c.2.1	fold
0.049	d1ps9a2/c.3.1.1	c.2.1	fold
0.051	d1xhca1/c.3.1.5	c.2.1	fold
0.072	d1ihua2/c.37.1.10	c.2.1	fold
0.075	d1ryia1/c.3.1.2	c.2.1	fold
0.078	d1v59a2/c.3.1.5	c.2.1	fold
0.084	d2gv8a1/c.3.1.5	c.2.1	fold
0.099	d2b34a_/c.33.1.0	c.2.1	fold
0.14	d1fcda1/c.3.1.5	c.2.1	fold
0.32	d3lada2/c.3.1.5	c.2.1	fold
0.34	d1kf6a2/c.3.1.4	c.2.1	fold
0.44	d1ebda2/c.3.1.5	c.2.1	fold
9.1	d1y0pa2/c.3.1.4	c.2.1	fold
0.0016	d1q0qa2/c.2.1.3	c.23.1	fold
0.026	d2pyya_/c.94.1.0	c.23.1	fold
0.0044	d1jixa_/c.87.1.1	c.23.16	fold
0.041	d1u0ta_/e.52.1.1	c.23.16	class
0.034	d1y7pa1/c.23.1.7	c.23.4	SF
0.088	d2iela1/c.26.2.4	c.23.4	fold
0.074	d1vl8a_/c.2.1.2	c.23.5	fold
0.076	d1ocka_/c.117.1.1	c.23.5	fold
0.0043	d2tpsa_/c.1.3.1	c.23.6	fold
0.019	d7odca2/c.1.6.1	c.23.6	fold
0.078	d3bjva_/d.112.1.0	c.23.8	class
0.00028	d3nuga_/c.2.1.0	c.24.1	fold
0.034	d2ywxa_/c.23.8.0	c.24.1	fold
0.087	d1pk3a1/a.60.1.2	c.24.1	class
3.5e-13	d1djqa3/c.4.1.1	c.3.1	fold
1.6e-12	d1ps9a3/c.4.1.1	c.3.1	fold
1.5e-11	d2bi7a1/c.4.1.3	c.3.1	fold
5.7e-11	d1i8ta1/c.4.1.3	c.3.1	fold
2.8e-09	d1c0pa1/c.4.1.2	c.3.1	fold
8.8e-07	d1gtea4/c.4.1.1	c.3.1	fold
3.2e-06	d1pjca1/c.2.1.4	c.3.1	fold
5.7e-06	d1ve9a1/c.4.1.2	c.3.1	fold
1.5e-05	d1f0ya2/c.2.1.6	c.3.1	fold
0.00016	d1yovb_/c.111.1.2	c.3.1	fold
0.00023	d1llda1/c.2.1.5	c.3.1	fold
0.00056	d1lqta2/c.4.1.1	c.3.1	fold
0.00062	d1i36a2/c.2.1.6	c.3.1	fold
0.00098	d1ldna1/c.2.1.5	c.3.1	fold
0.0017	d1jw9b_/c.111.1.1	c.3.1	fold
0.0022	d1qo2a_/c.1.2.1	c.3.1	fold
0.003	d3tzqa_/c.2.1.0	c.3.1	fold
0.0069	d1qzza2/c.66.1.12	c.3.1	fold
0.0088	d3ko8a_/c.2.1.0	c.3.1	fold
0.011	d1gpja2/c.2.1.7	c.3.1	fold
0.012	d1i24a_/c.2.1.2	c.3.1	fold
0.013	d1cjca2/c.4.1.1	c.3.1	fold
0.023	d1uxja1/c.2.1.5	c.3.1	fold
0.028	d1u7za_/c.72.3.1	c.3.1	fold
0.031	d2jfga1/c.5.1.1	c.3.1	fold
0.033	d1kjqa2/c.30.1.1	c.3.1	fold
0.033	d3awda_/c.2.1.0	c.3.1	fold
0.034	d1pl8a2/c.2.1.1	c.3.1	fold
0.036	d1wcv1_/c.37.1.0	c.3.1	fold
0.036	d1luaa1/c.2.1.7	c.3.1	fold
0.042	d1lssa_/c.2.1.9	c.3.1	fold
0.043	d1xu9a_/c.2.1.2	c.3.1	fold
0.047	d1uzma1/c.2.1.2	c.3.1	fold
0.049	d2o23a_/c.2.1.2	c.3.1	fold
0.053	d1vj0a2/c.2.1.1	c.3.1	fold
0.055	d1p5ja_/c.79.1.1	c.3.1	fold
0.071	d1hdoa_/c.2.1.2	c.3.1	fold
0.096	d1np3a2/c.2.1.6	c.3.1	fold
0.12	d1t2da1/c.2.1.5	c.3.1	fold
0.12	d1kola2/c.2.1.1	c.3.1	fold
0.19	d1o89a2/c.2.1.1	c.3.1	fold
8.6	d1ebfa1/c.2.1.3	c.3.1	fold
0.11	d1jdwa_/d.126.1.2	c.30.1	class
1.2e-07	d2iv2x2/c.81.1.1	c.31.1	fold
0.0018	d2fug32/c.81.1.1	c.31.1	fold
0.05	d1pjca1/c.2.1.4	c.31.1	fold
0.0046	d1ko7a2/c.91.1.2	c.37.1	fold
7.5e-11	d2iida1/c.3.1.2	c.4.1	fold
4.6e-09	d2dw4a2/c.3.1.2	c.4.1	fold
1.7e-08	d2gqfa1/c.3.1.8	c.4.1	fold
5.2e-08	d1b5qa1/c.3.1.2	c.4.1	fold
8.1e-08	d1w4xa1/c.3.1.5	c.4.1	fold
8.9e-07	d2i0za1/c.3.1.8	c.4.1	fold
9.4e-07	d1v59a1/c.3.1.5	c.4.1	fold
1.2e-06	d1y0pa2/c.3.1.4	c.4.1	fold
1.5e-06	d1s3ea1/c.3.1.2	c.4.1	fold
1.7e-06	d2gv8a1/c.3.1.5	c.4.1	fold
1.8e-06	d1trba1/c.3.1.5	c.4.1	fold
2.2e-06	d1seza1/c.3.1.2	c.4.1	fold
3.4e-06	d1nhpa2/c.3.1.5	c.4.1	fold
5e-06	d2f5va1/c.3.1.2	c.4.1	fold
6.7e-06	d1xhca1/c.3.1.5	c.4.1	fold
8.1e-06	d1kdga1/c.3.1.2	c.4.1	fold
8.6e-06	d1f0ya2/c.2.1.6	c.4.1	fold
2.6e-05	d2gmha1/c.3.1.2	c.4.1	fold
3.7e-05	d2gf3a1/c.3.1.2	c.4.1	fold
5.3e-05	d1k0ia1/c.3.1.2	c.4.1	fold
7.7e-05	d2cula1/c.3.1.7	c.4.1	fold
0.00015	d1q1ra2/c.3.1.5	c.4.1	fold
0.00023	d1xhca2/c.3.1.5	c.4.1	fold
0.00033	d1pj5a2/c.3.1.2	c.4.1	fold
0.00039	d1fl2a1/c.3.1.5	c.4.1	fold
0.00043	d1v59a2/c.3.1.5	c.4.1	fold
0.00051	d1pn0a1/c.3.1.2	c.4.1	fold
0.00066	d1rp0a1/c.3.1.6	c.4.1	fold
0.00071	d3lada2/c.3.1.5	c.4.1	fold
0.0016	d2ivda1/c.3.1.2	c.4.1	fold
0.0018	d1pjca1/c.2.1.4	c.4.1	fold
0.0028	d1xdia1/c.3.1.5	c.4.1	fold
0.0033	d1vg0a1/c.3.1.3	c.4.1	fold
0.0041	d1chua2/c.3.1.4	c.4.1	fold
0.0045	d1lvla2/c.3.1.5	c.4.1	fold
0.0049	d1ebda2/c.3.1.5	c.4.1	fold
0.0058	d1t2da1/c.2.1.5	c.4.1	fold
0.0069	d3grsa2/c.3.1.5	c.4.1	fold
0.01	d3c96a1/c.3.1.2	c.4.1	fold
0.015	d1onfa2/c.3.1.5	c.4.1	fold
0.019	d1ryia1/c.3.1.2	c.4.1	fold
0.02	d1ojta1/c.3.1.5	c.4.1	fold
0.022	d1ldna1/c.2.1.5	c.4.1	fold
0.026	d1lssa_/c.2.1.9	c.4.1	fold
0.028	d3awda_/c.2.1.0	c.4.1	fold
0.028	d1uxja1/c.2.1.5	c.4.1	fold
0.031	d1h6va1/c.3.1.5	c.4.1	fold
0.033	d1feca1/c.3.1.5	c.4.1	fold
0.033	d1fl2a2/c.3.1.5	c.4.1	fold
0.041	d1gpja2/c.2.1.7	c.4.1	fold
0.067	d1vdca2/c.3.1.5	c.4.1	fold
0.071	d2hmta_/c.2.1.9	c.4.1	fold
0.094	d1d7ya1/c.3.1.5	c.4.1	fold
0.11	d1q1ra1/c.3.1.5	c.4.1	fold
0.15	d1ebfa1/c.2.1.3	c.4.1	fold
0.061	d1qc7a_/a.118.14.1	c.42.1	class
0.021	d1o89a2/c.2.1.1	c.46.1	fold
0.0098	d2b30a1/c.108.1.10	c.47.1	fold
0.12	d1d0qa_/g.41.3.2	c.48.1	class
0.02	d2b3ta1/c.66.1.30	c.49.1	fold
0.00097	d1nhpa2/c.3.1.5	c.5.1	fold
0.012	d1hxha_/c.2.1.2	c.5.1	fold
0.016	d1c0pa1/c.4.1.2	c.5.1	fold
0.019	d2hmta_/c.2.1.9	c.5.1	fold
0.023	d1piwa2/c.2.1.1	c.5.1	fold
0.042	d1uufa2/c.2.1.1	c.5.1	fold
0.046	d1rp0a1/c.3.1.6	c.5.1	fold
0.011	d1pfoa_/f.9.1.1	c.51.1	class
0.024	d1ykga1/c.23.5.2	c.51.1	fold
0.042	d1j0aa_/c.79.1.1	c.51.1	fold
0.017	d2ob3a_/c.1.9.3	c.51.3	fold
0.027	d1vhea2/c.56.5.4	c.51.3	fold
0.019	d1wb9a2/c.37.1.12	c.51.4	fold
0.054	d1fl0a_/b.40.4.4	c.52.3	class
0.051	d1sc6a2/c.23.12.1	c.55.5	fold
0.05	d3cpta_/d.110.7.1	c.55.7	class
0.043	d1tfea_/d.43.1.1	c.57.1	class
0.07	d3giua_/c.56.4.0	c.57.1	fold
0.01	d1vkya_/e.53.1.1	c.6.2	class
0.072	d1e5qa1/c.2.1.3	c.6.2	fold
1.9e-05	d1jbqa_/c.79.1.1	c.66.1	fold
3.5e-05	d1jvba2/c.2.1.1	c.66.1	fold
0.0015	d1bg6a2/c.2.1.6	c.66.1	fold
0.0016	d1pl8a2/c.2.1.1	c.66.1	fold
0.0049	d1f8fa2/c.2.1.1	c.66.1	fold
0.0051	d3ieka_/d.157.1.10	c.66.1	class
0.0095	d1nhpa2/c.3.1.5	c.66.1	fold
0.013	d1cr1a_/c.37.1.11	c.66.1	fold
0.013	d1rjwa2/c.2.1.1	c.66.1	fold
0.014	d2v0na2/c.23.1.1	c.66.1	fold
0.034	d2g5ca2/c.2.1.6	c.66.1	fold
0.036	d1kola2/c.2.1.1	c.66.1	fold
0.044	d1fcda1/c.3.1.5	c.66.1	fold
0.059	d1ldna1/c.2.1.5	c.66.1	fold
0.06	d1ek6a_/c.2.1.2	c.66.1	fold
0.082	d1llda1/c.2.1.5	c.66.1	fold
0.092	d1zema1/c.2.1.2	c.66.1	fold
0.00066	d2bhua3/c.1.8.1	c.67.1	fold
0.0015	d1ua7a2/c.1.8.1	c.67.1	fold
0.016	d2guya2/c.1.8.1	c.67.1	fold
0.027	d2hmfa3/d.58.18.10	c.67.1	class
0.037	d1a9xa3/c.30.1.1	c.67.1	fold
0.094	d1p5ja_/c.79.1.1	c.67.1	fold
0.0029	d1wzua1/c.145.1.1	c.73.1	fold
0.041	d1u9ya2/c.61.1.2	c.78.2	fold
0.054	d1m3ua_/c.1.12.8	c.78.2	fold
0.9	d1mjha_/c.26.2.4	c.78.2	fold
0.0013	d1u7za_/c.72.3.1	c.79.1	fold
0.0028	d1luaa1/c.2.1.7	c.79.1	fold
0.0046	d3gdfa_/c.2.1.0	c.79.1	fold
0.018	d2vapa1/c.32.1.1	c.79.1	fold
0.11	d1gpja2/c.2.1.7	c.79.1	fold
0.016	d1bupa1/c.55.1.1	c.8.1	fold
0.084	d1l9xa_/c.23.16.1	c.8.1	fold
0.056	d1wd5a_/c.61.1.1	c.8.2	fold
0.096	d1eyqa_/d.36.1.1	c.8.3	class
0.11	d3k77a_/b.18.1.8	c.8.3	class
0.062	d1haea_/g.3.11.1	c.8.4	class
1.4	d1l2pa_/f.23.21.1	c.82.1	class
0.06	d1uz5a3/c.57.1.2	c.90.1	fold
0.014	d1m7ga_/c.37.1.4	c.91.1	fold
0.052	d1um8a_/c.37.1.20	c.92.2	fold
0.027	d1b74a1/c.78.2.1	c.93.1	fold
0.0056	d2r4qa1/c.44.2.2	c.94.1	fold
0.034	d1u7na_/c.77.1.4	c.94.1	fold
0.058	d1bupa2/c.55.1.1	c.95.1	fold
0.073	d2yxda_/c.66.1.0	c.95.1	fold
0.0026	d1hfes_/a.137.4.1	c.96.1	class
0.059	d1kjqa3/d.142.1.2	c.98.1	class
0.073	d3jv1a_/d.25.1.0	d.100.2	fold
0.024	d1c7wa_/a.39.1.5	d.101.1	class
0.08	d1w6sa_/b.70.1.1	d.107.1	class
0.1	d1pbja3/d.37.1.1	d.107.1	fold
0.027	d1nowa1/c.1.8.6	d.108.1	class
0.044	d1d2za_/a.77.1.2	d.110.1	class
0.11	d1uypa1/b.29.1.19	d.110.1	class
0.022	d1nvpd2/b.56.1.1	d.110.4	class
0.088	d2w3wa_/c.71.1.1	d.110.8	class
0.047	d2gysa1/b.1.2.1	d.110.9	class
0.019	d2ffja1/e.50.1.1	d.115.1	class
0.02	d2coba1/a.4.1.15	d.115.1	class
0.055	d2aeua1/c.67.1.8	d.115.1	class
0.041	d3gkxa_/c.47.1.0	d.116.1	class
0.022	d1yt3a2/a.60.8.3	d.118.1	class
0.024	d1ebda2/c.3.1.5	d.122.1	class
0.012	d1psya_/a.52.1.3	d.129.5	class
0.071	d1eara2/d.58.38.1	d.129.8	fold
0.034	d2etha1/a.4.5.28	d.131.1	class
0.04	d1nq7a_/a.123.1.1	d.131.1	class
0.039	d1vi2a2/c.58.1.5	d.140.1	class
0.1	d2oo2a1/a.8.11.1	d.140.1	class
0.023	d2vmha_/b.18.1.33	d.141.1	class
0.057	d1k28a2/b.108.1.2	d.141.1	class
0.037	d1jvba2/c.2.1.1	d.142.1	class
0.17	d1ekqa_/c.72.1.2	d.145.1	class
0.12	d2bhua3/c.1.8.1	d.149.1	class
0.00023	d1wjza_/a.2.3.1	d.15.1	class
0.003	d1ujva_/b.36.1.1	d.15.1	class
0.01	d2a3la1/c.1.9.1	d.15.1	class
0.078	d2pmra1/a.8.11.1	d.15.14	class
0.051	d1ri9a_/b.34.2.1	d.15.2	class
0.057	d1jeya2/c.62.1.3	d.15.2	class
0.017	d3h8qa_/c.47.1.0	d.15.3	class
0.027	d1yqba1/d.15.1.1	d.15.3	SF
0.0055	d1t9ia_/d.95.2.1	d.15.5	fold
0.11	d2ivya_/d.58.58.1	d.151.1	fold
0.048	d1wn2a_/c.131.1.0	d.152.1	class
0.082	d2nn6h3/d.51.1.1	d.156.1	fold
0.0092	d1n1ba2/a.128.1.3	d.162.1	class
0.025	d1pkpa2/d.50.1.2	d.186.1	fold
0.0084	d2gx6a_/c.93.1.1	d.195.1	class
0.019	d2ovrb2/b.69.4.1	d.195.1	class
0.054	d1ysja2/d.58.19.1	d.202.1	fold
0.0044	d2qamz1/d.325.1.1	d.205.1	fold
0.1	d2iw0a1/c.6.2.3	d.205.1	class
0.51	d2ajaa1/a.118.24.1	d.211.1	class
0.01	d2k2na1/d.110.2.1	d.213.1	fold
0.044	d1tg7a4/b.71.1.5	d.22.1	class
3.3	d1eq1a_/a.63.1.1	d.222.1	class
0.011	d1elka_/a.118.9.2	d.229.1	class
0.072	d3krua_/c.1.4.0	d.230.5	class
0.091	d3ivza_/d.160.1.2	d.230.6	fold
0.05	d1wxqa1/c.37.1.8	d.236.1	class
0.035	d1ti6a1/b.52.2.2	d.242.1	class
0.075	d1unnc_/d.240.1.1	d.242.1	fold
0.046	d1o6aa_/b.139.1.1	d.259.1	class
0.066	d1jmxa5/b.61.4.1	d.26.1	class
0.0044	d3saoa_/b.60.1.1	d.265.1	class
0.1	d3zyra_/b.29.1.1	d.27.1	class
0.11	d2gf3a1/c.3.1.2	d.271.1	class
0.005	d1lssa_/c.2.1.9	d.274.1	class
0.036	d1dofa_/a.127.1.1	d.276.1	class
0.39	d1x9ya2/d.17.1.4	d.277.1	fold
0.049	d2o6ka1/a.60.15.1	d.280.1	class
0.017	d1pfba_/b.34.13.2	d.285.1	class
0.047	d1g2ha_/a.4.1.12	d.285.1	class
0.01	d1wgma_/g.44.1.2	d.288.1	class
0.078	d1um1a_/b.36.1.1	d.288.1	class
0.013	d1lfoa_/b.60.1.2	d.293.1	class
0.11	d1b25a2/d.152.1.1	d.303.1	fold
0.054	d1nkta2/a.172.1.1	d.305.1	class
0.011	d3dfea_/d.58.5.0	d.307.1	fold
0.014	d1ic8a2/a.35.1.1	d.31.1	class
0.045	d2vdja_/c.23.16.8	d.310.1	class
0.083	d2eena_/d.63.1.0	d.32.1	fold
0.05	d2joya1/b.34.5.7	d.326.1	class
0.049	d1vpha_/d.273.1.1	d.347.1	fold
0.023	d2p61a1/a.24.29.1	d.352.1	class
0.085	d2voaa_/d.151.1.0	d.352.1	fold
0.09	d1ciia1/f.1.1.1	d.354.1	class
0.057	d1u0la1/b.40.4.5	d.355.1	class
0.024	d2okma_/b.2.3.0	d.359.1	class
0.053	d1vhea2/c.56.5.4	d.361.1	class
0.073	d1hyua3/c.47.1.2	d.368.1	class
0.013	d1xhka_/d.14.1.10	d.371.1	fold
0.05	d1dfup_/b.53.1.1	d.372.1	class
0.1	d2heqa1/b.34.20.1	d.382.1	class
0.074	d2fug31/b.52.2.2	d.40.1	class
0.0089	d3b8pa1/d.58.60.1	d.41.3	fold
0.029	d2w4fa_/b.36.1.1	d.41.4	class
0.035	d1v62a_/b.36.1.1	d.41.5	class
0.11	d1p1da2/b.36.1.1	d.41.5	class
0.048	d1zvpa2/d.58.18.9	d.45.1	fold
0.03	d1vhua_/c.50.1.2	d.47.1	class
0.061	d1otka_/a.25.1.2	d.48.1	class
0.02	d1wy5a1/c.26.2.5	d.50.3	class
0.091	d1o7fa3/b.82.3.2	d.50.3	class
0.031	d1vc1a_/c.13.2.1	d.50.4	class
0.099	d1v95a_/c.51.1.1	d.50.4	class
0.0019	d2asba3/d.52.3.1	d.51.1	fold
0.0043	d2uubc1/d.52.3.1	d.51.1	fold
0.012	d1i2aa_/e.24.1.1	d.51.1	class
0.37	d1ulva2/b.1.18.2	d.52.1	class
0.00052	d1j4wa2/d.51.1.1	d.52.3	fold
0.00054	d1x4ma1/d.51.1.1	d.52.3	fold
0.0025	d1zzka1/d.51.1.1	d.52.3	fold
0.012	d1j4wa1/d.51.1.1	d.52.3	fold
0.032	d2ctea1/d.51.1.1	d.52.3	fold
0.059	d1q74a_/c.134.1.1	d.52.3	class
0.06	d2ctja1/d.51.1.1	d.52.3	fold
0.1	d3fiqa_/b.60.1.0	d.52.5	class
0.0002	d1xpna_/b.3.7.1	d.52.6	class
0.00054	d1jdqa_/d.68.3.3	d.52.6	fold
0.0011	d1sska_/b.148.1.1	d.52.6	class
0.013	d1qbja_/a.4.5.19	d.52.9	class
0.023	d1ue1a_/b.40.4.3	d.53.1	class
0.0042	d1pkpa2/d.50.1.2	d.54.1	fold
0.017	d2ooca1/a.24.10.6	d.54.1	class
0.004	d1p5dx4/d.129.2.1	d.56.1	fold
0.0087	d2p92a1/d.64.2.1	d.57.1	fold
1.5e-06	d1kf6b1/a.1.2.1	d.58.1	class
3.1e-05	d2bs2b1/a.1.2.1	d.58.1	class
0.0039	d1nekb1/a.1.2.1	d.58.1	class
0.11	d1ueka2/d.58.26.5	d.58.10	SF
0.075	d3l44a_/c.67.1.0	d.58.17	class
0.027	d1aopa2/d.58.36.1	d.58.2	SF
0.033	d1k3ra1/b.40.4.10	d.58.2	class
0.019	d1h97a_/a.1.1.2	d.58.3	class
0.046	d1j1ba_/d.144.1.7	d.58.32	fold
0.011	d1vq8k1/b.39.1.1	d.58.40	class
0.29	d3l51b_/d.215.1.0	d.58.47	fold
1	d1wb4a_/c.69.1.2	d.58.47	class
0.067	d1ryka_/a.60.11.1	d.58.48	class
0.0061	d1ve4a1/c.94.1.1	d.58.50	class
0.0039	d1hzma_/c.46.1.1	d.58.53	class
0.11	d1eara1/b.107.1.1	d.58.53	class
0.021	d1af7a2/c.66.1.8	d.58.58	class
0.018	d1hv8a2/c.37.1.19	d.58.6	class
0.099	d2ji7a3/c.36.1.9	d.58.6	class
0.049	d1iqpa2/c.37.1.20	d.58.62	class
0.069	d2b0ga1/d.58.7.1	d.58.8	SF
0.12	d1qwza_/b.100.1.1	d.6.1	class
0.011	d3qmxa_/c.47.1.0	d.64.1	class
0.026	d1vkwa_/d.90.1.2	d.64.1	fold
0.084	d2r25a_/a.24.10.2	d.64.1	class
0.034	d2ddza1/d.104.1.4	d.66.1	fold
0.0011	d1j7xa_/c.14.1.2	d.67.1	class
0.059	d3gl9a_/c.23.1.0	d.68.1	class
0.023	d1oaoc_/e.26.1.3	d.68.5	class
0.031	d3hgma_/c.26.2.0	d.68.5	class
6.5e-06	d1wj5a_/a.4.5.59	d.68.7	class
0.0085	d1wjua_/d.15.1.1	d.68.7	fold
0.06	d3dbya2/a.29.13.1	d.68.7	class
0.11	d1v32a_/a.42.1.1	d.68.7	class
0.15	d1wiea_/b.34.2.1	d.68.7	class
0.45	d1wgxa_/a.4.1.3	d.68.7	class
0.055	d2cr9a1/d.297.1.1	d.68.8	fold
0.1	d1u6za2/c.55.1.8	d.74.2	class
0.014	d1zkra2/a.101.1.1	d.75.2	class
0.024	d1vzia1/b.1.13.1	d.76.2	class
0.04	d1soua_/c.124.1.6	d.78.1	class
0.02	d2dxaa_/d.116.1.0	d.79.9	fold
0.072	d1tjoa_/a.25.1.1	d.80.1	class
0.091	d1d5ta1/c.3.1.3	d.81.1	class
0.051	d1xfda2/c.69.1.24	d.81.4	class
2.2e-05	d2ghpa1/d.58.7.1	d.82.3	fold
0.016	d1hv8a2/c.37.1.19	d.83.2	class
0.0076	d2ixda_/c.134.1.0	d.87.1	class
0.064	d1yb5a2/c.2.1.1	d.87.1	class
0.057	d2hh8a1/d.358.1.1	d.87.2	fold
0.0056	d1wa3a_/c.1.10.1	d.94.2	class
0.0042	d1pu6a_/a.96.1.5	e.10.1	class
0.14	d1flca2/c.23.10.2	e.11.1	class
0.075	d2dtxa_/c.2.1.0	e.18.1	class
0.031	d2i2qa_/d.109.1.2	e.25.1	class
0.058	d3nuaa_/d.143.1.0	e.27.1	class
0.044	d1l7da1/c.2.1.4	e.29.1	class
0.03	d1e2wa2/b.84.2.2	e.32.1	class
0.074	d1ep3b2/c.25.1.3	e.38.1	class
0.0098	d1d8ka_/a.4.5.18	e.42.1	class
0.032	d1yuza2/g.41.5.1	e.49.1	class
0.058	d1cuka2/a.60.2.1	e.49.1	class
0.094	d1j0aa_/c.79.1.1	e.52.1	class
0.053	d1oywa1/a.4.5.43	e.6.1	class
9.4e-05	d1elwa_/a.118.8.1	e.61.1	class
0.0016	d1w3ba_/a.118.8.1	e.61.1	class
0.011	d3l5xa_/a.26.1.2	e.64.1	class
0.0021	d1pz4a_/d.106.1.1	e.67.1	class
0.025	d2bu1a_/d.85.1.1	f.23.16	class
0.17	d1chua3/d.168.1.1	f.23.18	class
0.071	d2pyya_/c.94.1.0	f.23.5	class
0.14	d1h4ax2/b.11.1.1	f.23.7	class
0.043	d1sg6a_/e.22.1.1	f.31.1	class
0.012	d1dcza_/b.84.1.1	f.46.1	class
0.064	d3b5ha1/b.1.1.4	f.53.1	class
0.1	d3elna_/b.82.1.19	f.7.1	class
0.077	d1vcla3/d.281.1.1	f.8.1	class
0.026	d1k12a_/b.18.1.15	g.21.1	class
9.6	d1qo8a1/a.138.1.3	g.24.1	class
0.036	d1e7la2/d.4.1.5	g.26.1	class
0.002	d1exta3/g.24.1.1	g.3.11	fold
9	d3bdwa_/d.169.1.1	g.3.11	class
0.078	d1adua2/g.51.1.1	g.3.14	fold
0.00066	d1ixta_/g.3.6.1	g.3.2	SF
0.44	d1lmma_/g.3.6.2	g.3.2	SF
0.0034	d1clvi_/g.3.2.1	g.3.4	SF
0.082	d1a7sa_/b.47.1.2	g.3.4	class
0.00099	d1clvi_/g.3.2.1	g.3.6	SF
0.015	d1q3ja_/g.3.4.2	g.3.6	SF
0.019	d1c4ea_/g.3.4.1	g.3.6	SF
4.9	d1kj6a_/g.9.1.1	g.3.6	fold
0.0014	d1vd4a_/g.41.3.1	g.37.1	fold
0.0073	d1xpaa2/g.39.1.5	g.37.1	fold
0.017	d2gmga1/a.4.5.82	g.37.1	class
0.022	d2czra1/c.52.4.1	g.37.1	class
0.044	d1wiia_/g.41.3.4	g.37.1	fold
0.4	d1yuza2/g.41.5.1	g.37.1	fold
1.3	d1vq8z1/g.41.8.1	g.37.1	fold
1.9	d1wila_/g.50.1.3	g.37.1	fold
5.7	d1vfya_/g.50.1.1	g.37.1	fold
0.68	d1weva_/g.50.1.2	g.38.1	fold
0.0063	d1vd4a_/g.41.3.1	g.39.1	fold
0.0094	d3brda2/b.2.5.8	g.39.1	class
0.021	d2fk4a1/g.90.1.1	g.39.1	fold
0.035	d1woua_/c.47.1.16	g.39.1	class
0.06	d1u5ka2/g.45.1.2	g.39.1	fold
0.062	d1u5da1/b.55.1.1	g.39.1	class
0.093	d1dgsa1/a.60.2.2	g.39.1	class
0.013	d1zina2/g.41.2.1	g.40.1	fold
0.11	d1h99a2/a.142.1.1	g.40.1	class
0.00014	d1ivsa4/c.26.1.1	g.41.11	class
0.0038	d2ayja1/g.41.8.7	g.41.11	SF
0.014	d3zvzb_/g.50.1.0	g.41.11	fold
0.029	d2hfgr_/g.24.1.2	g.41.11	fold
0.03	d1yk4a_/g.41.5.1	g.41.11	SF
0.048	d1hc7a3/d.68.5.1	g.41.11	class
0.054	d1zina2/g.41.2.1	g.41.11	SF
0.088	d2puya_/g.50.1.0	g.41.11	fold
2.8	d1ilea3/c.26.1.1	g.41.11	class
0.088	d1dgsa2/b.40.4.6	g.41.13	class
0.53	d2apob_/g.41.16.1	g.41.13	SF
0.038	d1lkoa2/g.41.5.1	g.41.18	SF
0.043	d2ar5a_/d.189.1.0	g.41.2	class
0.00044	d1qxfa_/g.41.8.4	g.41.3	SF
0.002	d2k4xa1/g.41.8.8	g.41.3	SF
0.025	d2j0151/g.41.8.5	g.41.3	SF
0.044	d2dida1/g.43.1.1	g.41.3	fold
0.045	d1vq811/g.41.8.2	g.41.3	SF
0.078	d2dlqa2/g.37.1.1	g.41.3	fold
0.14	d1xpaa2/g.39.1.5	g.41.3	fold
0.25	d1pfva3/g.41.1.1	g.41.3	SF
0.44	d2gmga1/a.4.5.82	g.41.3	class
0.78	d2apob_/g.41.16.1	g.41.3	SF
0.046	d1cfra_/c.52.1.7	g.41.4	class
0.091	d1hf8a1/a.7.8.2	g.41.4	class
0.00067	d1vdda_/e.49.1.1	g.41.5	class
0.0034	d2gmga1/a.4.5.82	g.41.5	class
0.00063	d2o03a_/a.4.5.0	g.41.8	class
0.001	d1qypa_/g.41.3.1	g.41.8	SF
0.0078	d1pfta_/g.41.3.1	g.41.8	SF
0.022	d2apob_/g.41.16.1	g.41.8	SF
0.028	d1lkoa2/g.41.5.1	g.41.8	SF
0.078	d1v5na_/g.49.1.3	g.41.8	fold
0.12	d1ivsa4/c.26.1.1	g.41.8	class
2.2	d1tota1/g.44.1.6	g.41.8	fold
7.3	d2jnea1/g.41.18.1	g.41.8	SF
0.4	d1wfka_/g.50.1.1	g.41.9	fold
0.8	d1rwja_/a.138.1.1	g.41.9	class
0.052	d1dp4a_/c.93.1.1	g.42.1	class
0.67	d1bi5a1/c.95.1.2	g.42.1	class
0.0018	d1zbdb_/g.50.1.1	g.44.1	fold
0.0094	d2jnea1/g.41.18.1	g.44.1	fold
0.011	d1qypa_/g.41.3.1	g.44.1	fold
0.013	d1faqa_/g.49.1.1	g.44.1	fold
0.017	d1cxxa2/g.39.1.3	g.44.1	fold
0.081	d1vfya_/g.50.1.1	g.44.1	fold
0.12	d1yuza2/g.41.5.1	g.44.1	fold
0.021	d1k81a_/g.59.1.1	g.45.1	fold
0.11	d2csha2/g.37.1.1	g.47.1	fold
0.0036	d1twfl_/g.41.9.2	g.49.1	fold
0.012	d1weva_/g.50.1.2	g.49.1	fold
0.029	d1wila_/g.50.1.3	g.49.1	fold
0.36	d1zbdb_/g.50.1.1	g.49.1	fold
1	d1we9a_/g.50.1.2	g.49.1	fold
2.2	d1kb4b_/g.39.1.2	g.49.1	fold
2.7	d1fp0a1/g.50.1.2	g.49.1	fold
3.5	d3zvzb_/g.50.1.0	g.49.1	fold
8.8	d2fc7a1/g.44.1.6	g.49.1	fold
6.5e-06	d1weoa_/g.44.1.1	g.50.1	fold
0.00013	d1ptqa_/g.49.1.1	g.50.1	fold
0.0012	d1v87a_/g.44.1.1	g.50.1	fold
0.0046	d2cs3a1/g.44.1.3	g.50.1	fold
0.0082	d1v5na_/g.49.1.3	g.50.1	fold
0.021	d1z60a1/g.49.1.2	g.50.1	fold
0.025	d1faqa_/g.49.1.1	g.50.1	fold
0.04	d1iyma_/g.44.1.1	g.50.1	fold
0.049	d1nuia2/g.41.3.2	g.50.1	fold
0.061	d1yfua1/b.82.1.20	g.50.1	class
1.5	d3dplr_/g.44.1.1	g.50.1	fold
0.31	d1ofwa_/a.138.1.1	g.54.1	class
0.31	d1m1qa_/a.138.1.3	g.54.1	class
9.2	d1fgja_/a.138.1.3	g.54.1	class
0.017	d2ayja1/g.41.8.7	g.59.1	fold
0.014	d2akja3/d.134.1.1	g.60.1	class
7.9	d1hcda_/b.42.5.2	g.62.1	class
0.025	d2j01y1/b.34.5.1	g.67.1	class
0.052	d1zpsa1/b.168.1.1	g.69.1	class
0.022	d3u5la_/a.29.2.0	g.76.1	class
0.00017	d1wgxa_/a.4.1.3	g.80.1	class
0.0002	d1wima_/g.44.1.1	g.80.1	fold
0.0031	d1wiha_/d.67.3.1	g.80.1	class
0.0076	d1v5na_/g.49.1.3	g.80.1	fold
0.011	d1wfwa_/b.34.2.1	g.80.1	class
0.011	d1whla_/b.34.10.1	g.80.1	class
0.023	d1wgpa_/b.82.3.2	g.80.1	class
0.036	d1wgda_/d.15.1.1	g.80.1	class
0.041	d1wh2a_/d.76.1.1	g.80.1	class
0.099	d1wgma_/g.44.1.2	g.80.1	fold
0.1	d1v88a_/b.55.1.1	g.80.1	class
0.14	d1wjoa_/a.40.1.1	g.80.1	class
0.47	d1wgra_/d.15.1.5	g.80.1	class
0.52	d1wk1a_/d.169.1.1	g.80.1	class
1.7	d1wgla_/a.5.2.4	g.80.1	class
0.027	d1t0ga_/d.120.1.2	g.82.1	class
0.027	d2d8va1/g.43.1.1	g.85.1	fold
0.37	d1g25a_/g.44.1.1	g.87.1	fold
0.049	d1e7la2/d.4.1.5	g.90.1	class
0.039	d1q9ca_/a.22.1.3	g.91.1	class
0.048	d2zgya2/c.55.1.1	g.91.1	class
